{
  "Offers": [
    {
      "Rewards": [
        {
          "ItemType": 49,
          "Amount": 2,
          "BrawlerID": [0, 0],
          "Extra": 4,
          "ItemName": "",
          "BrawlerPower": 1
        }
      ],
      "Currency": 0,
      "Cost": 0,
      "Time": 86400,
      "Claim": false,
      "DailyOffer": false,
      "OldPrice": 29,
      "Text": "fuck starr drops",
      "Background": "offer_bgr_loveswamp",
      "Processed": false,
      "TypeBenefit": 0,
      "Benefit": 0,
      "OneTimeOffer": false,
      "ShopPanelLayout": [0, 0],
      "ShopStyleSet": [0, 0],
      "BundleID": "sigmach",
      "OfferType": 0,
      "IsForPortalEvent": false,
      "IsForHorizonEvent": false,
      "LoadOnStartup": false,
      "StarrDrops": true,
      "NeedsBrawler": 0,
      "UpdateOffers": false,
      "PortaliumStarrDrop": false,
      "ChainOfferTime": 100,
      "ChainOfferGifts": false,
      "ChainOfferGiftsDay": 0,
      "ChainOfferType": 0
    },
    {
      "Rewards": [
        {
          "ItemType": 49,
          "Amount": 2,
          "BrawlerID": [0, 0],
          "Extra": 4,
          "ItemName": "",
          "BrawlerPower": 1
        }
      ],
      "Currency": 0,
      "Cost": 0,
      "Time": 86400,
      "Claim": false,
      "DailyOffer": false,
      "OldPrice": 29,
      "Text": "fuck starr drops",
      "Background": "offer_bgr_sands",
      "Processed": false,
      "TypeBenefit": 0,
      "Benefit": 0,
      "OneTimeOffer": false,
      "ShopPanelLayout": [0, 0],
      "ShopStyleSet": [0, 0],
      "BundleID": "sigmach",
      "OfferType": 0,
      "IsForPortalEvent": false,
      "IsForHorizonEvent": false,
      "LoadOnStartup": false,
      "StarrDrops": true,
      "NeedsBrawler": 0,
      "UpdateOffers": false,
      "PortaliumStarrDrop": false,
      "ChainOfferTime": 100,
      "ChainOfferGifts": false,
      "ChainOfferGiftsDay": 0,
      "ChainOfferType": 0
    },
    {
      "Rewards": [
        {
          "ItemType": 49,
          "Amount": 2,
          "BrawlerID": [0, 0],
          "Extra": 4,
          "ItemName": "",
          "BrawlerPower": 1
        }
      ],
      "Currency": 0,
      "Cost": 0,
      "Time": 86400,
      "Claim": false,
      "DailyOffer": false,
      "OldPrice": 29,
      "Text": "fuck starr drops",
      "Background": "offer_bgr_babyshark",
      "Processed": false,
      "TypeBenefit": 0,
      "Benefit": 0,
      "OneTimeOffer": false,
      "ShopPanelLayout": [0, 0],
      "ShopStyleSet": [0, 0],
      "BundleID": "sigmach",
      "OfferType": 0,
      "IsForPortalEvent": false,
      "IsForHorizonEvent": false,
      "LoadOnStartup": false,
      "StarrDrops": true,
      "NeedsBrawler": 0,
      "UpdateOffers": false,
      "PortaliumStarrDrop": false,
      "ChainOfferTime": 100,
      "ChainOfferGifts": false,
      "ChainOfferGiftsDay": 0,
      "ChainOfferType": 0
    }
    

    
    
  ]
  
}